Baltimore-Washington International Airport,BWI
McCarran International Airport,LAS
Orlando International Airport,MCO
Phoenix Sky Harbor International Airport,PHX
Tampa International Airport,TPA
Fort Lauderdale-Hollywood International Airport,FLL
Chicago Midway International Airport,MDW
Palm Beach International Airport,PBI
William P. Hobby Airport,HOU
Birmingham-Shuttlesworth International Airport,BHM
Nashville International Airport,BNA
Philadelphia International Airport,PHL
Albuquerque International Sunport,ABQ
Albany International Airport,ALB
Rick Husband Amarillo International Airport,AMA
Austin-Bergstrom International Airport,AUS
Bradley International Airport,BDL
Boise Airport (Boise Air Terminal),BOI
Buffalo Niagara International Airport,BUF
Bob Hope Airport (Hollywood Burbank Airport),BUR
Port Columbus International Airport,CMH
Denver International Airport,DEN
El Paso International Airport,ELP
Spokane International Airport,GEG
Washington Dulles International Airport,IAD
Indianapolis International Airport,IND
Long Island MacArthur Airport,ISP
Los Angeles International Airport,LAX
Lubbock Preston Smith International Airport,LBB
Midland International Airport,MAF
Kansas City International Airport,MCI
Louis Armstrong New Orleans International Airport,MSY
Oakland International Airport,OAK
Eppley Airfield,OMA
Ontario International Airport,ONT
Norfolk International Airport,ORF
Portland International Airport,PDX
Pittsburgh International Airport,PIT
Theodore Francis Green State Airport,PVD
Raleigh-Durham International Airport,RDU
Reno/Tahoe International Airport,RNO
San Diego International Airport (Lindbergh Field),SAN
San Antonio International Airport,SAT
Louisville International Airport (Standiford Field),SDF
San Francisco International Airport,SFO
Norman Y. Mineta San José International Airport,SJC
Salt Lake City International Airport,SLC
Sacramento International Airport,SMF
John Wayne Airport (Orange County Airport),SNA
St. Louis International Airport at Lambert Field,STL
Tulsa International Airport,TUL
Tucson International Airport,TUS
Dallas Love Field,DAL
Will Rogers World Airport,OKC
Seattle-Tacoma International Airport,SEA
Cleveland Hopkins International Airport,CLE
Detroit Metropolitan Airport,DTW
Jackson-Evers International Airport,JAN
Manchester-Boston Regional Airport,MHT
Southwest Florida International Airport,RSW
Bill and Hillary Clinton National Airport (Adams Field),LIT
Jacksonville International Airport,JAX
Valley International Airport,HRL
Corpus Christi International Airport,CRP
Cincinnati/Northern Kentucky International Airport,CVG
Dallas/Fort Worth International Airport,DFW
Minneapolis-Saint Paul International Airport,MSP
Hartsfield-Jackson Atlanta International Airport,ATL
Greenville-Spartanburg International Airport,GSP
Chicago O'Hare International Airport,ORD
General Mitchell International Airport,MKE
Dane County Regional Airport,MSN
Newark Liberty International Airport,EWR
Friedman Memorial Airport,SUN
St. George Regional Airport,SGU
Magic Valley Regional Airport (Joslin Field),TWF
Santa Barbara Municipal Airport (Santa Barbara Airport),SBA
Idaho Falls Regional Airport,IDA
Bozeman Yellowstone International Airport (Gallatin Field Airport),BZN
Rapid City Regional Airport,RAP
Missoula International Airport,MSO
Billings Logan International Airport,BIL
Palm Springs International Airport,PSP
Long Beach Airport (Daugherty Field),LGB
City of Colorado Springs Municipal Airport,COS
Great Falls International Airport,GTF
Memphis International Airport,MEM
Jackson Hole Airport,JAC
Aspen-Pitkin County Airport,ASE
Glacier Park International Airport,FCA
Tri-Cities Airport,PSC
Arcata Airport,ACV
Redding Municipal Airport,RDD
Fresno Yosemite International Airport,FAT
Eugene Airport (Mahlon Sweet Field),EUG
Blue Grass Airport,LEX
Burlington International Airport,BTV
Roanoke Regional Airport (Woodrum Field),ROA
Charleston International Airport/Charleston AFB,CHS
Sioux Falls Regional Airport,FSD
General Wayne A. Downing Peoria International Airport,PIA
Lincoln Airport (Lincoln Municipal),LNK
Gunnison-Crested Butte Regional Airport,GUC
Kalamazoo/Battle Creek International Airport,AZO
Cherry Capital Airport,TVC
George Bush Intercontinental Airport,IAH
Savannah/Hilton Head International Airport,SAV
Yeager Airport,CRW
Appleton International Airport,ATW
McGhee Tyson Airport,TYS
Wilkes-Barre/Scranton International Airport,AVP
Hector International Airport,FAR
Grand Junction Regional Airport (Walker Field),GJT
Lehigh Valley International Airport,ABE
Northwest Arkansas Regional Airport,XNA
Quad City International Airport,MLI
Gerald R. Ford International Airport,GRR
Des Moines International Airport,DSM
Green Bay-Austin Straubel International Airport,GRB
James M. Cox Dayton International Airport,DAY
Central Wisconsin Airport,CWA
Springfield-Branson National Airport,SGF
Bismarck Municipal Airport,BIS
Huntsville International Airport,HSV
Yampa Valley Airport (Yampa Valley Regional),HDN
Rogue Valley International Airport,MFR
Capital Region International Airport ( Lansing Capital City),LAN
Syracuse Hancock International Airport,SYR
Yuma International Airport,YUM
San Luis Obispo County Regional Airport (McChesney Field),SBP
Redmond Municipal Airport (Roberts Field),RDM
Montrose Regional Airport,MTJ
Monterey Regional Airport (Monterey Peninsula Airport),MRY
Meadows Field,BFL
The Eastern Iowa Airport,CID
South Bend International Airport (South Bend Regional),SBN
Wichita Dwight D. Eisenhower National Airport (Wichita Mid-Continent Airport),ICT
Abraham Lincoln Capital Airport,SPI
Fort Wayne International Airport,FWA
Durango-La Plata County Airport,DRO
MBS International Airport,MBS
Pocatello Regional Airport,PIH
Santa Maria Public Airport (Capt G. Allan Hancock Field),SMX
Del Norte County Airport (Jack McNamara Field),CEC
Elko Regional Airport,EKO
McClellan-Palomar Airport,CLD
Natrona County International Airport,CPR
Helena Regional Airport,HLN
Bellingham International Airport,BLI
Bert Mooney Airport,BTM
Akron-Canton Regional Airport,CAK
Yellowstone Regional Airport,COD
Charlotte Douglas International Airport,CLT
Cedar City Regional Airport,CDC
Central Illinois Regional Airport at Bloomington-Normal,BMI
Westchester County Airport,HPN
Lewiston-Nez Perce County Airport,LWS
Honolulu International Airport,HNL
Kona International Airport at Keahole,KOA
Kahului Airport,OGG
John F. Kennedy International Airport (New York International Airport),JFK
Lihue Airport,LIH
Gen. Edward Lawrence Logan International Airport,BOS
Richmond International Airport,RIC
Greater Rochester International Airport,ROC
Eagle County Regional Airport,EGE
Piedmont Triad International Airport,GSO
LaGuardia Airport (Marine Air Terminal),LGA
Harrisburg International Airport,MDT
Ronald Reagan Washington National Airport,DCA
Cyril E. King Airport,STT
Luis Muñoz Marín International Airport,SJU
Miami International Airport,MIA
Myrtle Beach International Airport,MYR
Ted Stevens Anchorage International Airport,ANC
Wilmington International Airport,ILM
Sarasota-Bradenton International Airport,SRQ
Pensacola International Airport (Pensacola Gulf Coast Regional Airport),PNS
Columbia Metropolitan Airport,CAE
Melbourne International Airport,MLB
Mobile Regional Airport,MOB
Daytona Beach International Airport,DAB
Gulfport-Biloxi International Airport,GPT
Destin-Fort Walton Beach Airport/Eglin AFB,VPS
Tallahassee International Airport,TLH
Valdosta Regional Airport,VLD
Asheville Regional Airport,AVL
Baton Rouge Metropolitan Airport,BTR
Columbus Metropolitan Airport,CSG
Tri-Cities Regional Airport,TRI
Stewart International Airport,SWF
Brunswick Golden Isles Airport,BQK
Chattanooga Metropolitan Airport (Lovell Field),CHA
Meridian Regional Airport,MEI
Montgomery Regional Airport,MGM
Fayetteville Regional Airport,FAY
Coastal Carolina Regional Airport (Craven County Regional),EWN
University Park Airport,SCE
Lafayette Regional Airport,LFT
Dothan Regional Airport,DHN
Key West International Airport,EYW
Evansville Regional Airport,EVV
Shreveport Regional Airport,SHV
Gainesville Regional Airport,GNV
Newport News/Williamsburg International Airport,PHF
Bishop International Airport,FNT
Augusta Regional Airport (Bush Field),AGS
Portland International Jetport,PWM
Southwest Georgia Regional Airport,ABY
Alexandria International Airport,AEX
Charlottesville-Albemarle Airport,CHO
Albert J. Ellis Airport,OAJ
McAllen-Miller International Airport (McAllen Miller International),MFE
Fort Smith Regional Airport,FSM
Killeen-Fort Hood Regional Airport,GRK
Monroe Regional Airport,MLU
Toledo Express Airport,TOL
Golden Triangle Regional Airport,GTR
Atlantic City International Airport,ACY
Bangor International Airport,BGR
Hilo International Airport,ITO
Lawton-Fort Sill Regional Airport,LAW
Tyler Pounds Regional Airport,TYR
Easterwood Airport,CLL
Abilene Regional Airport,ABI
Texarkana Regional Airport (Webb Field),TXK
Waco Regional Airport,ACT
Wichita Falls Municipal Airport/Sheppard AFB,SPS
San Angelo Regional Airport (Mathis Field),SJT
East Texas Regional Airport,GGG
Laredo International Airport,LRD
University of Illinois - Willard Airport,CMI
Roswell International Air Center,ROW
Sawyer International Airport,MQT
Rochester International Airport,RST
La Crosse Regional Airport,LSE
Dubuque Regional Airport,DBQ
Henry E. Rohlsen Airport,STX
Sitka Rocky Gutierrez Airport,SIT
Juneau International Airport,JNU
Merle K. (Mudhole) Smith Airport,CDV
Petersburg James A. Johnson Airport,PSG
Yakutat Airport,YAK
Ketchikan International Airport,KTN
Fairbanks International Airport,FAI
Wiley Post-Will Rogers Memorial Airport,BRW
Ralph Wien Memorial Airport,OTZ
Bethel Airport,BET
Kodiak Airport,ADQ
Wrangell Airport,WRG
Deadhorse Airport (Prudhoe Bay Airport),SCC
Nome Airport,OME
Adak Airport,ADK
Mercedita Airport,PSE
Rafael Hernández Airport,BQN
Muskegon County Airport,MKG
Dillingham Airport,DLG
King Salmon Airport,AKN
Westerly State Airport,WYS
